{
  "destination": {
    "precision": 1.0,
    "recall": 0.990909090909091,
    "f1-score": 0.995433789954338,
    "support": 110
  },
  "departure": {
    "precision": 0.9917355371900827,
    "recall": 1.0,
    "f1-score": 0.995850622406639,
    "support": 120
  },
  "micro avg": {
    "precision": 0.9956521739130435,
    "recall": 0.9956521739130435,
    "f1-score": 0.9956521739130435,
    "support": 230
  },
  "macro avg": {
    "precision": 0.9958677685950413,
    "recall": 0.9954545454545455,
    "f1-score": 0.9956422061804885,
    "support": 230
  },
  "weighted avg": {
    "precision": 0.995688106360043,
    "recall": 0.9956521739130435,
    "f1-score": 0.9956512677555385,
    "support": 230
  }
}